StationID,PM2_5,PM10,NO2
S1,12.466666666666667,22.599999999999998,19.766666666666666
S2,31.166666666666668,42.666666666666664,25.3
S3,16.5,30.233333333333334,20.599999999999998
S4,19.266666666666666,34.96666666666667,23.633333333333336
